"","Cutoff Risk","No of patients (%)","TP","TN","FP","FN","Sensitivity (%)","Specificity (%)","PPV (%)","NPV (%)","Mortality (%)"
"1","<=0.05","723 (43.35)",166,711,779,12,93.2584269662921,47.7181208053691,17.5661375661376,98.3402489626556,1.6597510373444
"2","<=0.2","1366 (81.89)",88,1276,214,90,49.438202247191,85.6375838926175,29.1390728476821,93.411420204978,6.58857979502196
"3","<=0.5","1660 (99.52)",4,1486,4,174,2.24719101123596,99.7315436241611,50,89.5180722891566,10.4819277108434
"4",">=0.05","945 (56.65)",166,711,779,12,93.2584269662921,47.7181208053691,17.5661375661376,98.3402489626556,17.5661375661376
"5",">=0.2","302 (18.11)",88,1276,214,90,49.438202247191,85.6375838926175,29.1390728476821,93.411420204978,29.1390728476821
"6",">=0.5","8 (0.48)",4,1486,4,174,2.24719101123596,99.7315436241611,50,89.5180722891566,50
